source_id,scheme_key,scheme_name,doc_class,url,publisher,effective_date,last_updated,retrieved_at,content_hash,status,detail
ba_overview,hdfc_balanced_advantage_direct_growth,HDFC Balanced Advantage Fund - Direct Growth,overview,https://groww.in/mutual-funds/hdfc-balanced-advantage-fund-direct-growth,aggregator,,2026-09-27,2026-09-27T14:09:32+00:00,a16ed7d6001aa41e65d9c68b0c535382184e9e4e005bc1c55b50d03a7b218a3c,ok,
ba_fees,hdfc_balanced_advantage_direct_growth,HDFC Balanced Advantage Fund - Direct Growth,fees,https://groww.in/mutual-funds/hdfc-balanced-advantage-fund-direct-growth,aggregator,,2026-09-27,2026-09-27T14:09:32+00:00,c6082faa2aad89d3a61a01f7e0f7eebbd62b4a1f82b413b1e719edcf47cfc93c,ok,
ba_riskometer,hdfc_balanced_advantage_direct_growth,HDFC Balanced Advantage Fund - Direct Growth,riskometer,https://groww.in/mutual-funds/hdfc-balanced-advantage-fund-direct-growth,aggregator,,2026-09-27,2026-09-27T14:09:32+00:00,d8d5d76c880f4bbed888cff6fcc8c42b1be5f58242e81f0bc4cddffdb345709c,ok,
el_overview,hdfc_elss_tax_saver_direct_growth,HDFC ELSS Tax Saver Fund - Direct Plan Growth,overview,https://groww.in/mutual-funds/hdfc-elss-tax-saver-fund-direct-plan-growth,aggregator,,2026-09-27,2026-09-27T14:09:35+00:00,2a87cf609de0a06af69b04ef7df9bb68d4ae0b4baea7711a43365b8b84c1e1e1,ok,
el_fees,hdfc_elss_tax_saver_direct_growth,HDFC ELSS Tax Saver Fund - Direct Plan Growth,fees,https://groww.in/mutual-funds/hdfc-elss-tax-saver-fund-direct-plan-growth,aggregator,,2026-09-27,2026-09-27T14:09:35+00:00,e7b64b5ba893a7e856ce0310de0d78cb97a94f3445a73d94075eaac1dbfbd92b,ok,
el_riskometer,hdfc_elss_tax_saver_direct_growth,HDFC ELSS Tax Saver Fund - Direct Plan Growth,riskometer,https://groww.in/mutual-funds/hdfc-elss-tax-saver-fund-direct-plan-growth,aggregator,,2026-09-27,2026-09-27T14:09:35+00:00,d8d5d76c880f4bbed888cff6fcc8c42b1be5f58242e81f0bc4cddffdb345709c,ok,
fx_overview,hdfc_equity_flexi_cap_direct_growth,HDFC Equity (Flexi Cap) Fund - Direct Growth,overview,https://groww.in/mutual-funds/hdfc-equity-fund-direct-growth,aggregator,,2026-09-27,2026-09-27T14:09:36+00:00,5e82f902325f5a143cb37f54ae5ac6a69ea3ffa23062c532f120d8c4221e3d60,ok,
fx_fees,hdfc_equity_flexi_cap_direct_growth,HDFC Equity (Flexi Cap) Fund - Direct Growth,fees,https://groww.in/mutual-funds/hdfc-equity-fund-direct-growth,aggregator,,2026-09-27,2026-09-27T14:09:36+00:00,0299598cd3970ecceeb4900eb8554a8c729cfc2b99f108d5a9aea6905dbd12ef,ok,
fx_riskometer,hdfc_equity_flexi_cap_direct_growth,HDFC Equity (Flexi Cap) Fund - Direct Growth,riskometer,https://groww.in/mutual-funds/hdfc-equity-fund-direct-growth,aggregator,,2026-09-27,2026-09-27T14:09:36+00:00,d8d5d76c880f4bbed888cff6fcc8c42b1be5f58242e81f0bc4cddffdb345709c,ok,
lc_overview,hdfc_large_cap_direct_growth,HDFC Large Cap Fund - Direct Growth,overview,https://groww.in/mutual-funds/hdfc-large-cap-fund-direct-growth,aggregator,,2026-09-27,2026-09-27T14:09:38+00:00,a73b98967ae461c3ba76a6a764e83f0e283daced487f9ecdb096cfd61e6c32f4,ok,
lc_fees,hdfc_large_cap_direct_growth,HDFC Large Cap Fund - Direct Growth,fees,https://groww.in/mutual-funds/hdfc-large-cap-fund-direct-growth,aggregator,,2026-09-27,2026-09-27T14:09:38+00:00,47611f3f98b89155e354ba920ef47216f90e77f2b6db757d5b72ceae572c984d,ok,
lc_riskometer,hdfc_large_cap_direct_growth,HDFC Large Cap Fund - Direct Growth,riskometer,https://groww.in/mutual-funds/hdfc-large-cap-fund-direct-growth,aggregator,,2026-09-27,2026-09-27T14:09:38+00:00,d8d5d76c880f4bbed888cff6fcc8c42b1be5f58242e81f0bc4cddffdb345709c,ok,
sc_overview,hdfc_small_cap_direct_growth,HDFC Small Cap Fund - Direct Growth,overview,https://groww.in/mutual-funds/hdfc-small-cap-fund-direct-growth,aggregator,,2026-09-27,2026-09-27T14:09:39+00:00,6ec4e757294db99c97e02d02e3bcd690844a0b63d05117c78e1f908ad0d53081,ok,
sc_fees,hdfc_small_cap_direct_growth,HDFC Small Cap Fund - Direct Growth,fees,https://groww.in/mutual-funds/hdfc-small-cap-fund-direct-growth,aggregator,,2026-09-27,2026-09-27T14:09:39+00:00,024624aed9dbb628d8b07ea76f5f91fed62a11a9c74a34a2a52738de53ab16d3,ok,
sc_riskometer,hdfc_small_cap_direct_growth,HDFC Small Cap Fund - Direct Growth,riskometer,https://groww.in/mutual-funds/hdfc-small-cap-fund-direct-growth,aggregator,,2026-09-27,2026-09-27T14:09:39+00:00,d8d5d76c880f4bbed888cff6fcc8c42b1be5f58242e81f0bc4cddffdb345709c,ok,
